Threshold,Accuracy,Precision,Recall,F1 Score,AUC-ROC,True Positives,True Negatives,False Positives,False Negatives,Split
55,0.4728132387706856,0.39171974522292996,0.7935483870967742,0.5245202558635395,0.5579922965816081,123,77,191,32,Train
55,0.5106382978723404,0.41346153846153844,0.8431372549019608,0.5548387096774193,0.6336601307189541,43,29,61,8,Validation
55,0.5035460992907801,0.41818181818181815,0.8846153846153846,0.5679012345679012,0.6638936905790838,46,25,64,6,Test
