Threshold,Accuracy,Precision,Recall,F1 Score,AUC-ROC,True Positives,True Negatives,False Positives,False Negatives,Split,Version
30,0.4940898345153664,0.4069400630914827,0.832258064516129,0.5466101694915254,0.62956186807896,129,80,188,26,Train,V3
30,0.574468085106383,0.45263157894736844,0.8431372549019608,0.589041095890411,0.6886710239651416,43,38,52,8,Validation,V3
30,0.5106382978723404,0.4247787610619469,0.9230769230769231,0.5818181818181818,0.7346585998271391,48,24,65,4,Test,V3
40,0.46335697399527187,0.38,0.7354838709677419,0.5010989010989011,0.5666827154549832,114,82,186,41,Train,V2
40,0.5460992907801419,0.43564356435643564,0.8627450980392157,0.5789473684210527,0.6466230936819173,44,33,57,7,Validation,V2
40,0.49645390070921985,0.41284403669724773,0.8653846153846154,0.5590062111801242,0.6846369922212618,45,25,64,7,Test,V2
